{"zones":20.0,"depot_k":5.0,"overall_avg_distance_km":1.2465896991,"overall_max_radius_km":5.0747612738,"p95_distance_km":2.3930999734,"silhouette_score":0.2015149168,"score":-3.3573344822}